rank,count,pct_of_rows,cumulative_pct,action_template
1,4868,17.71,17.71,Referred to {COMMITTEE}.
2,2868,10.434,28.14,First reading. Referred to {COMMITTEE}.
3,2749,10.001,38.14,In committee upon adjournment.
4,2201,8.007,46.15,Public Hearing held.
5,2130,7.749,53.9,Work Session held.
6,1405,5.111,59.01,Second reading.
7,1348,4.904,63.92,Introduction and first reading. Referred to {COMMITTEE}.
8,1233,4.486,68.4,Third reading. Carried by {NAME}. Passed.
9,1137,4.136,72.54,Carried over to {N}-{N} by unanimous consent.
10,700,2.547,75.08,Speaker signed.
11,697,2.536,77.62,President signed.
12,633,2.303,79.92,Governor signed.
13,531,1.932,81.85,Recommendation: Do pass.
14,282,1.026,82.88,"Chapter {N}, {N} Laws."
15,254,0.924,83.8,"Rules suspended. Carried over to June {N}, {N} Calendar."
16,221,0.804,84.61,Recommendation: Do pass with amendments and be printed A-Engrossed.
17,211,0.768,85.38,Assigned to {SUBCOMMITTEE}.
18,211,0.768,86.14,"Rules suspended. Carried over to April {N}, {N} Calendar."
19,208,0.757,86.9,Returned to Full Committee.
20,207,0.753,87.65,Informational Meeting held.
21,200,0.728,88.38,Recommendation: Do pass the A-Eng. bill.
22,188,0.684,89.06,"Rules suspended. Carried over to May {N}, {N} Calendar."
23,175,0.637,89.7,Public Hearing and Work Session held.
24,172,0.626,90.33,Recommendation: Do pass with amendments. (Printed {ENG}-Eng.)
25,151,0.549,90.88,"Chapter {N}, ({N} Laws): Effective date January {N}, {N}."
26,142,0.517,91.39,"Recommendation: Do pass with amendments, be printed A-Engrossed, and be referred to Ways and Means by prior reference."
27,131,0.477,91.87,"Effective date, January {N}, {N}."
28,100,0.364,92.23,Recommendation: Do pass and be referred to Ways and Means by prior reference.
29,73,0.266,92.5,"Recommendation: Do pass with amendments, be printed A-Engrossed, and be referred to Ways and Means."
30,72,0.262,92.76,Recommendation: Do pass with amendments and be referred to Ways and Means. (Printed {ENG}-Eng.)
31,72,0.262,93.02,"Chapter {N}, ({N} Laws): Effective date July {N}, {N}."
32,71,0.258,93.28,Rules suspended. Third reading. Carried by {NAME}. Passed.
33,64,0.233,93.51,Recommendation: Do pass with amendments and be printed B-Engrossed.
34,59,0.215,93.73,Recommendation: Do pass with amendments to the A-Eng. bill. (Printed {ENG}-Eng.)
35,56,0.204,93.93,"Effective date, July {N}, {N}."
36,51,0.186,94.12,Recommendation: Be adopted.
37,51,0.186,94.3,Recommendation: Do pass with amendments and be referred to Ways and Means by prior reference. (Printed {ENG}-Eng.)
38,51,0.186,94.49,Recommendation: Do adopt.
39,50,0.182,94.67,House concurred in Senate amendments and repassed bill.
40,49,0.178,94.85,"Chapter {N}, ({N} Laws): effective on the {N}st day following adjournment sine die."
41,44,0.16,95.01,Work Session cancelled.
42,37,0.135,95.14,Public Hearing cancelled.
43,37,0.135,95.28,"Chapter {N}, ({N} Laws): Effective date September {N}, {N}."
44,35,0.127,95.41,Final reading. Carried by {NAME}. Adopted.
45,34,0.124,95.53,Subsequent referral to Ways and Means rescinded by order of the Speaker.
46,33,0.12,95.65,Filed with Secretary of State.
47,33,0.12,95.77,Read as Special Order of Business. Carried by {NAME}. Adopted.
48,32,0.116,95.89,Senate concurred in House amendments and repassed bill.
49,30,0.109,95.99,Recommendation: Do pass the B-Eng. bill.
50,30,0.109,96.1,Effective on the {N}st day following adjournment sine die.
51,29,0.106,96.21,Filed With Secretary of State.
52,28,0.102,96.31,Rules suspended. Made a Special Order of Business on {N}-{N} Calendar.
53,25,0.091,96.4,Public Hearing Cancelled.
54,25,0.091,96.49,Read. Carried by {NAME}. Adopted.
55,24,0.087,96.58,"Recommendation: Do pass with amendments, be printed A-Engrossed, and subsequent referral to Ways and Means be rescinded."
56,24,0.087,96.67,"Effective date, June {N}, {N}."
57,23,0.084,96.75,Subsequent referral rescinded by order of the President.
58,22,0.08,96.83,Rules suspended. Made a Special Order of Business immediately.
59,19,0.069,96.9,Without recommendation as to passage and be referred to Rules.
60,18,0.065,96.97,Recommendation: Do pass and be referred to Ways and Means.
61,18,0.065,97.03,Vote explanation(s) filed by Sollman.
62,18,0.065,97.1,"Effective date, May {N}, {N}."
63,18,0.065,97.16,"Chapter {N}, ({N} Laws): Effective date May {N}, {N}."
64,17,0.062,97.22,"Chapter {N}, ({N} Laws): Effective date June {N}, {N}."
65,16,0.058,97.28,Recommendation: Do pass with amendments and subsequent referral to Ways and Means be rescinded. (Printed {ENG}-Eng.)
66,14,0.051,97.33,Informational Meeting cancelled.
67,14,0.051,97.38,Recommendation: Do Pass and be referred to Ways and Means.
68,14,0.051,97.44,Special Order of Business. Final reading. Carried by {NAME}. Adopted.
69,14,0.051,97.49,"Effective date, September {N}, {N}."
70,13,0.047,97.53,Recommendation: Without recommendation as to passage and be referred to Rules.
71,13,0.047,97.58,"Carried over to April {N}, {N} Calendar by virtue of adjournment."
72,12,0.044,97.62,"Rules suspended. Carried over to March {N}, {N} Calendar."
73,12,0.044,97.67,Motion to substitute Minority Report for Committee Report failed.
74,12,0.044,97.71,(Amendments distributed.)
75,11,0.04,97.75,Without recommendation as to passage and be referred to Addiction and Community Safety Response.
76,9,0.033,97.78,Recommendation: Do pass and be referred to Tax Expenditures.
77,8,0.029,97.81,Recommendation: Without recommendation as to passage and be returned to President's desk for referral. Referred to {COMMITTEE}.
78,8,0.029,97.84,Made Special Order of Business. Final reading. Carried by {NAME}. Adopted.
79,8,0.029,97.87,Passed.
80,8,0.029,97.9,At President's desk upon adjournment.
81,7,0.025,97.93,Recommendation: Do pass and subsequent referral to Ways and Means be rescinded.
82,7,0.025,97.95,"Carried over to February {N}, {N} Calendar by virtue of adjournment."
83,7,0.025,97.98,Recommendation: Be adopted with amendments and be printed A-Engrossed.
84,7,0.025,98.0,Taken from {N}-{N} Calendar and placed on {N}-{N} Calendar as a Special Order of Business on voice vote.
85,7,0.025,98.03,Governor vetoed.
86,7,0.025,98.05,Rules suspended. Second reading.
87,7,0.025,98.08,Rules suspended. Third reading as Special Order of Business. Carried by {NAME}. Passed.
88,6,0.022,98.1,Recommendation: Do pass and be referred to Revenue by prior reference.
89,6,0.022,98.12,Motion to withdraw from Rules failed.
90,6,0.022,98.14,"Third Reading. Motion to postpone to June {N}, {N} Calendar carried."
91,6,0.022,98.17,Third reading as Special Order of Business. Carried by {NAME}. Passed.
92,6,0.022,98.19,At Desk upon adjournment.
93,6,0.022,98.21,"Effective date, August {N}, {N}."
94,5,0.018,98.23,Without recommendation as to passage and be referred to Judiciary.
95,5,0.018,98.25,"Without recommendation as to passage, be referred to Addiction and Community Safety Response, and then to Ways and Means by prior reference."
96,5,0.018,98.26,Recommendation: Do Pass with amendments. (Printed {ENG}-Eng.)
97,5,0.018,98.28,Vote explanation(s) filed by Nelson.
98,5,0.018,98.3,Recommendation: Do adopt the A-Eng. resolution.
99,5,0.018,98.32,Third reading. Carried by {NAME}.
100,5,0.018,98.34,Vote explanation(s) filed by Chaichi.
101,5,0.018,98.36,Taken from {N}-{N} Calendar and made Special Order of Business on {N}-{N} Calendar on voice vote.
102,5,0.018,98.37,Vote explanation(s) filed by Robinson.
103,5,0.018,98.39,"Chapter {N}, ({N} Laws): Effective date April {N}, {N}."
104,5,0.018,98.41,"Carried over to May {N}, {N} Calendar by virtue of adjournment."
105,5,0.018,98.43,Recommendation: Do pass with amendments and be printed C-Engrossed.
106,5,0.018,98.45,"Veto sustained in accordance with Art. V, sec. {N}b, Oregon Constitution."
107,4,0.015,98.46,Recommendation: Without recommendation as to passage and be referred to Housing and Development.
108,4,0.015,98.48,"Rules suspended. Carried over to February {N}, {N} Calendar."
109,4,0.015,98.49,"Recommendation: Do pass with amendments, be printed A-Engrossed, and be referred to Revenue by prior reference."
110,4,0.015,98.5,Vote explanation(s) filed by Diehl.
111,4,0.015,98.52,Recommendation: Do adopt with amendments. (Printed {ENG}-Eng.)
112,4,0.015,98.53,Third reading.
113,4,0.015,98.55,Recommendation: Do pass with amendments and be referred to Finance and Revenue. (Printed {ENG}-Eng.)
114,4,0.015,98.56,"Frederick, excused, granted unanimous consent to vote aye."
115,4,0.015,98.58,"Without recommendation as to passage, be referred to Rules, and then to Ways and Means by prior reference."
116,4,0.015,98.59,"Without recommendation as to passage, with amendments, be printed A-Engrossed, and be referred to Rules."
117,4,0.015,98.61,Potential conflict(s) of interest declared by Smith G.
118,4,0.015,98.62,Vote explanation(s) filed by Scharf.
119,4,0.015,98.64,Third reading. Carried by {NAME}. Failed.
120,4,0.015,98.65,Recommendation: Do pass with amendments and be referred to Tax Expenditures. (Printed {ENG}-Eng.)
121,4,0.015,98.66,Third reading. Carried by {NAME}. Bill failed.
122,4,0.015,98.68,Senate adopted Conference Committee Report and repassed bill.
123,4,0.015,98.69,Recommendation: Do pass with amendments to the B-Eng. bill. (Printed {ENG}-Eng.)
124,3,0.011,98.7,Recommendation: Without recommendation as to passage and be referred to Judiciary.
125,3,0.011,98.72,"Without recommendation as to passage, be referred to Higher Education and Workforce Development, and then to Ways and Means by prior reference."
126,3,0.011,98.73,Recommendation: Do pass and requesting subsequent referral to Ways and Means be rescinded.
127,3,0.011,98.74,Without recommendation as to passage and be referred to Revenue.
128,3,0.011,98.75,"Recommendation: Do pass with amendments and be printed A-Engrossed, be referred to Revenue, and then referred to Ways and Means by prior reference."
129,3,0.011,98.76,Recommendation: Do pass with amendments. (Printed A-Eng).
130,3,0.011,98.77,Minority Recommendation: Do pass with different amendments. (Printed A-Eng. Minority)
131,3,0.011,98.78,Girod declared potential conflict of interest.
132,3,0.011,98.79,"Gelser Blouin, excused, granted unanimous consent to vote aye."
133,3,0.011,98.8,Taken from {N}-{N} Calendar and placed on {N}-{N} Calendar on voice vote.
134,3,0.011,98.81,"Special Order of Business, Third reading. Carried by {NAME}. Passed."
135,3,0.011,98.82,Motion to refer to Rules failed.
136,3,0.011,98.84,Motion to withdraw from Revenue failed.
137,3,0.011,98.85,Recommendation: Do pass and be referred to Tax Expenditures by prior reference.
138,3,0.011,98.86,Recommendation: Without recommendation as to passage but w/amendments and requesting referral to Rules. (Printed {ENG}-Eng.)
139,3,0.011,98.87,Motion to refer to Rules carried. Referred.
140,3,0.011,98.88,Vote reconsideration carried.
141,3,0.011,98.89,Vote explanation(s) filed by Grayber.
142,3,0.011,98.9,Minority Recommendation: Do pass with different amendments to the A-Eng bill. (Printed B-Eng. Minority)
143,3,0.011,98.91,Motion to refer to Committee on Rules carried by voice vote.
144,3,0.011,98.92,"Carried over to June {N}, {N} Calendar."
145,3,0.011,98.93,House refused to concur in Senate amendments.
146,3,0.011,98.94,Carried by {NAME}. Passed.
147,3,0.011,98.96,Vote explanation(s) filed by Neron Misslin.
148,3,0.011,98.97,Jama changed from aye to nay and served notice of possible reconsideration.
149,3,0.011,98.98,Motion to reconsider carried.
150,3,0.011,98.99,House adopted Conference Committee Report.
151,3,0.011,99.0,Repassed.
152,3,0.011,99.01,"Recommendation: Do pass with amendments to the B-Eng. bill, to resolve conflicts. (Printed {ENG}-Eng.)"
153,3,0.011,99.02,Governor's veto message entered into Journal.
154,3,0.011,99.03,"Motion to lay bill, together with Governor's message, on the table carried."
155,3,0.011,99.04,Rules suspended. Carried over to {N}-{N} by unanimous consent.
156,3,0.011,99.05,Rules suspended. Senate concurred in House amendments and repassed bill.
157,2,0.007,99.06,"Under the provisions of the Report of the Committee on Permanent Organization and Order of Business, read final time. Carried by {NAME}. Adopted."
158,2,0.007,99.07,Thatcher granted unanimous consent to change vote from aye to nay.
159,2,0.007,99.08,Without recommendation as to passage and be referred to Ways and Means by prior reference.
160,2,0.007,99.08,Recommendation: Do pass with amendments and be referred to Ways and Means (Printed {ENG}-Eng.) Referral denied by order of the President.
161,2,0.007,99.09,Recommendation: Without recommendation as to passage and be referred to Labor and Business.
162,2,0.007,99.1,"Special Order of Business, Final reading. Carried by {NAME}. Adopted."
163,2,0.007,99.11,Motion to rerefer to Behavioral Health and Health Care carried. Rereferred.
164,2,0.007,99.11,Recommendation: Do pass and be referred to Revenue.
165,2,0.007,99.12,"Recommendation: Do pass with amendments, be printed A-Engrossed, and be referred to Revenue, and then Ways and Means."
166,2,0.007,99.13,Without recommendation as to passage and be referred to Revenue by prior reference.
167,2,0.007,99.13,Recommendation: Do pass with amendments and requesting referral to Finance and Revenue and then Ways and Means by prior reference. (Printed {ENG}-Eng.)
168,2,0.007,99.14,"Hayden, granted unanimous consent to change vote to nay."
169,2,0.007,99.15,Broadman declared potential conflict of interest.
170,2,0.007,99.16,Subsequent referral to Revenue rescinded by order of the Speaker.
171,2,0.007,99.16,Starr declared potential conflict of interest.
172,2,0.007,99.17,Motion to rerefer to Labor and Workplace Standards failed.
173,2,0.007,99.18,Minority Recommendation: Do pass with different amendments and be printed A-Engrossed.
174,2,0.007,99.19,"Effective date, April {N}, {N}."
175,2,0.007,99.19,Potential conflict(s) of interest declared by Elmer.
176,2,0.007,99.2,Made Special Order of Business. Third reading. Carried by {NAME}. Passed.
177,2,0.007,99.21,Vote explanation(s) filed by Thatcher.
178,2,0.007,99.21,Potential conflict(s) of interest declared by Hartman.
179,2,0.007,99.22,"Starr, Thatcher declared potential conflict of interest."
180,2,0.007,99.23,"Recommendation: Do pass with amendments, be printed B-Engrossed, and be referred to Ways and Means by prior reference."
181,2,0.007,99.24,Recommendation: Do pass with amendments to the A-Eng. and be referred to Ways and Means. (Printed {ENG}-Eng.)
182,2,0.007,99.24,Motion to withdraw from Housing and Homelessness failed.
183,2,0.007,99.25,Recommendation: Do pass the A-Eng bill.
184,2,0.007,99.26,Recommendation: Do pass with different amendments and be printed B-Engrossed.
185,2,0.007,99.27,Recommendation: Do pass and be referred to Rules.
186,2,0.007,99.27,"Recommendation: Do pass with amendments, be printed B-Engrossed, and be referred to Ways and Means."
187,2,0.007,99.28,Bowman served notice of possible reconsideration.
188,2,0.007,99.29,McLane declared potential conflict of interest.
189,2,0.007,99.29,"Vote explanation(s) filed by Chaichi, Chotzen."
190,2,0.007,99.3,Read.
191,2,0.007,99.31,"Motion to make a Special Order of Business on June {N}, {N} Calendar passed."
192,2,0.007,99.32,Vote explanation(s) filed by Frederick.
193,2,0.007,99.32,"Conference Committee Recommendation: House concur in Senate amendments dated May {N}, {N} and bill be further amended and repassed."
194,2,0.007,99.33,Vote explanation(s) filed by Golden.
195,2,0.007,99.34,Vote explanation(s) filed by Walters.
196,2,0.007,99.35,Conference Committee Report distributed in the Senate.
197,2,0.007,99.35,Recommendation: Do pass the C-Eng. bill.
198,2,0.007,99.36,Motion to table carried. Tabled.
199,2,0.007,99.37,Robinson declared potential conflict of interest.
200,2,0.007,99.37,"Recommendation: Do pass with amendments to the A-Eng. bill, to resolve conflicts. (Printed {ENG}-Eng.)"
201,2,0.007,99.38,Recommendation: Do pass with amendments to the B-Eng. bill to resolve conflicts. (Printed {ENG}-Eng.)
202,2,0.007,99.39,"Motion to postpone to June {N}, {N} Calendar carried."
203,2,0.007,99.4,Governor's message read in the House.
204,2,0.007,99.4,"Veto sustained in accordance with Article V, Section {N}b, Oregon Constitution."
205,1,0.004,99.41,Rules suspended. Read. Carried by {NAME}. Adopted.
206,1,0.004,99.41,"In comnpliance with the Report by the Special Committee on Rules, measure introduced."
207,1,0.004,99.41,Rules suspended. Resolution adopted in conjunction with the {N} Rules of the House.
208,1,0.004,99.42,Recommendation: Without recommendation as to passage and be referred to Judiciary by prior reference.
209,1,0.004,99.42,Recommendation: Without recommendation as to passage and be referred to Finance and Revenue.
210,1,0.004,99.43,Recommendation: Without recommendation as to adoption and be referred to Rules.
211,1,0.004,99.43,Recommendation: Without recommendation as to passage and be referred to Health Care.
212,1,0.004,99.43,"Without recommendation as to passage, be referred to Housing and Homelessness, and then to Ways and Means by prior reference."
213,1,0.004,99.44,Recommendation: Do pass and be referred to Finance and Revenue by prior reference.
214,1,0.004,99.44,Recommedation: Without recommendation as to passage and be referred to Early Childhood and Behavioral Health and then Ways and Means by prior reference.
215,1,0.004,99.44,"Without recommendation as to passage, be referred to Early Childhood and Human Services, and then to Ways and Means by prior reference."
216,1,0.004,99.45,"Recommendation: Do pass, be referred to Revenue by prior reference, and then referred to Ways and Means."
217,1,0.004,99.45,Motion to rerefer to Committee on Human Services carried.
218,1,0.004,99.45,Vote explanation(s) filed by Levy B.
219,1,0.004,99.46,Recommendation: Without recommendation as to passage and be referred to Ways and Means.
220,1,0.004,99.46,"Recommendation: Do pass with amendments, be printed A-Engrossed, and be referred to Revenue by prior reference, then be referred to Ways and Means by prior reference."
221,1,0.004,99.47,"Recommendation: Without recommendation as to passage and be referred to Veterans, Emergency Management, Federal and World Affairs."
222,1,0.004,99.47,"Without recommendation as to passage, be referred to Addiction and Community Safety Response, and then to Revenue by prior reference."
223,1,0.004,99.47,"Without recommendation as to passage, be referred to Judiciary, and then to Ways and Means by prior reference."
224,1,0.004,99.48,"Without recommendation as to passage and be referred to Emergency Management, General Government, and Veterans."
225,1,0.004,99.48,"Vote explanation(s) filed by Levy B, Nelson."
226,1,0.004,99.48,"Vote explanation(s) filed by Grayber, Levy B."
227,1,0.004,99.49,"Without recommendation as to passage, be referred to Education, and then to Ways and Means by prior reference."
228,1,0.004,99.49,Public Hearing and Work Session cancelled.
229,1,0.004,99.49,Vote explanation(s) filed by Smith DB.
230,1,0.004,99.5,Without recommendation as to passage and be referred to Housing and Homelessness.
231,1,0.004,99.5,Recommendation: Do pass and be referred to Revenue and Tax Expenditures by prior reference.
232,1,0.004,99.51,Referral to Revenue rescinded by order of President. Referred to {COMMITTEE}.
233,1,0.004,99.51,"Motion to rerefer to Agriculture, Land Use, Natural Resources, and Water carried. Rereferred."
234,1,0.004,99.51,"Recommendation: Do pass with amendments, be printed A-Engrossed, and be referred to Revenue."
235,1,0.004,99.52,"Recommendation: Do pass with amendments, be printed A-Engrossed, be referred to Revenue by prior reference, and then referred to Ways and Means."
236,1,0.004,99.52,Taken from {N}-{N} Calendar and made a Special Order of Business on {N}-{N} Calendar on voice vote.
237,1,0.004,99.52,Minority Recommendation: Do pass with amendments. (Printed A-Eng Minority)
238,1,0.004,99.53,"Without recommendation as to passage, be referred to Revenue by prior reference, and then to Ways and Means."
239,1,0.004,99.53,Recommedation: Without recommendation as to passage rescind subsequent referral to Judiciary and be referred to Rules.
240,1,0.004,99.53,Recommedation: Without recommendation as to passage and be referred to Rules and then Ways and Means by prior reference.
241,1,0.004,99.54,"Third Reading commenced. Carried over to April {N}, {N} Calendar by virtue of adjournment."
242,1,0.004,99.54,Vote explanation(s) filed by Prozanski.
243,1,0.004,99.55,"Recommendation: Do pass with amendments, be printed A-Engrossed, and subsequent referral to Revenue be rescinded."
244,1,0.004,99.55,"Recommendation: Do pass with amendments, be printed A-Engrossed, subsequent referral to Ways and Means be rescinded, and be referred to Revenue."
245,1,0.004,99.55,Bonham granted unanimous consent to change vote from nay to aye.
246,1,0.004,99.56,Nash granted unanimous consent to change vote from aye to nay.
247,1,0.004,99.56,Girod granted unanimous consent to change vote from nay to aye.
248,1,0.004,99.56,Robinson granted unanimous consent to change vote from aye to nay.
249,1,0.004,99.57,"Recommendation: Do pass with amendments, be printed A-Engrossed, and be referred to Rules."
250,1,0.004,99.57,Potential conflict(s) of interest declared by Levy E.
251,1,0.004,99.57,"Without recommendation as to passage, with amendments, be printed A-Engrossed, be referred to Revenue, and then referred to Ways and Means by prior reference."
252,1,0.004,99.58,"Recommendation: Do pass with amendments, be printed A-Engrossed, subsequent referral to Revenue be rescinded, and be referred to Ways and Means."
253,1,0.004,99.58,"Recommendation: Do pass with amendments, be printed A-Engrossed, subsequent referral to Transportation be rescinded, and be referred to Ways and Means by prior reference."
254,1,0.004,99.59,Subsequent referral to Transportation rescinded by order of the Speaker.
255,1,0.004,99.59,"Without recommendation as to passage, with amendments, be printed A-Engrossed, and be referred to Transportation, then Ways and Means."
256,1,0.004,99.59,"Without recommendation as to passage, with amendments, be printed A-Engrossed, and be referred to Revenue by prior reference."
257,1,0.004,99.6,Robinson granted unanimous consent to change vote from nay to aye.
258,1,0.004,99.6,Recommendation: Do pass with amendments and be referred to Tax Expenditures by prior reference. (Printed {ENG}-Eng.)
259,1,0.004,99.6,"Minority Recommendation: Do pass with different amendments, be printed A-Engrossed, and subsequent referral to Ways and Means be rescinded."
260,1,0.004,99.61,"Vote explanation(s) filed by Diehl, Hartman."
261,1,0.004,99.61,Recommendation: Without recommendation as to passage and be referred to Tax Expenditures.
262,1,0.004,99.61,Recommendation: Without recommendation as to passage but w/amendments and requesting referral to Rules and then Ways and Means by prior reference. (Printed {ENG}-Eng.)
263,1,0.004,99.62,Motion to refer to Ways and Means carried. Referred.
264,1,0.004,99.62,"Girod, granted unanimous consent to change vote to aye."
265,1,0.004,99.63,Vote explanation(s) filed by Pham.
266,1,0.004,99.63,Vote explanation(s) filed by Patterson.
267,1,0.004,99.63,Recommendation: Do pass with amendments and subsequent referral to Health Care be rescinded. (Printed {ENG}-Eng.)
268,1,0.004,99.64,Motion to refer Committee and Minority Reports with bill to Rules carried. Referred.
269,1,0.004,99.64,"Chapter {N}, ({N} Laws): Effective date March {N}, {N}."
270,1,0.004,99.64,Vote explanation(s) filed by Tran.
271,1,0.004,99.65,"Girod, Thatcher declared potential conflict of interest."
272,1,0.004,99.65,"Vote explanation(s) filed by Lieber, Sollman."
273,1,0.004,99.65,House concurred in Senate amendments and readopted measure.
274,1,0.004,99.66,Without recommendation as to passage and be referred to Transportation.
275,1,0.004,99.66,Motion to rerefer to Labor and Workplace Standards carried. Rereferred.
276,1,0.004,99.67,"Motion to rerefer to Climate, Energy, and Environment carried. Rereferred."
277,1,0.004,99.67,Nelson served notice of possible reconsideration.
278,1,0.004,99.67,Motion to rerefer to Rules carried. Rereferred.
279,1,0.004,99.68,Motion to withdraw from Judiciary failed.
280,1,0.004,99.68,Third Reading commenced.
281,1,0.004,99.68,"Vote explanation(s) filed by Nelson, Walters."
282,1,0.004,99.69,"Girod, Robinson declared potential conflict of interest."
283,1,0.004,99.69,"Nash, granted unanimous consent to change vote to nay."
284,1,0.004,99.69,Senate concurred in House amendments and readopted Resolution.
285,1,0.004,99.7,Starr declared potential conflict of interest by unanimous consent.
286,1,0.004,99.7,"Recommendation: Do pass the A-Eng. bill, refer to Ways and Means. Refer to Ways and Means by order of the President."
287,1,0.004,99.71,Possible Work Session cancelled.
288,1,0.004,99.71,Smith DB granted unanimous consent to change vote from aye to nay.
289,1,0.004,99.71,Recommendation: Do pass with amendments to the A-Eng. bill to resolve conflicts. (Printed {ENG}-Eng.)
290,1,0.004,99.72,Made Special Order of Business by voice vote. Third reading. Carried by {NAME}. Passed.
291,1,0.004,99.72,"Patterson, granted unanimous consent to change vote to nay."
292,1,0.004,99.72,Minority Recommendation: Do pass with amendments to the A-Eng bill and be printed B-Engrossed.
293,1,0.004,99.73,"Recommendation: Do pass with amendments to the A-Eng bill. (Printed {ENG}-Eng.) Hayden, Linthicum not concurring."
294,1,0.004,99.73,"Recommendation: Do pass with amendments to the A-Eng bill. (Printed {ENG}-Eng.) Bonham, Hayden not concurring."
295,1,0.004,99.73,"Recommendation: Do pass with amendments to the A-Eng bill. (Printed {ENG}-Eng.) Bonham, Thatcher not concurring."
296,1,0.004,99.74,"In absence of motion to substitute Minority Report for Committee Report, bill advanced to third reading and final consideration."
297,1,0.004,99.74,Vote explanation(s) filed by McLain.
298,1,0.004,99.75,"Recommendation: Do pass with amendments, be printed B-Engrossed, and be referred to Tax Expenditures."
299,1,0.004,99.75,"Recommendation: Do pass with amendments, be printed A-Engrossed, and be referred to Tax Expenditures."
300,1,0.004,99.75,"Vote explanation(s) filed by Isadore, Watanabe."
301,1,0.004,99.76,Recommendation: Do pass and requesting subsequent referral to Tax Expenditures be rescinded.
302,1,0.004,99.76,"Recommendation: Do pass the A-Eng. bill, refer to Ways and Means."
303,1,0.004,99.76,"Vote explanation(s) filed by Dobson, Levy E."
304,1,0.004,99.77,Manning Jr declared potential conflict of interest.
305,1,0.004,99.77,"Representatives Lively, Harbick, Hudson appointed House conferees."
306,1,0.004,99.77,"Senators Frederick, Manning Jr, Weber appointed Senate conferees."
307,1,0.004,99.78,Minority Recommendation: Do pass with amendments to the A-Eng. bill. (Printed B-Eng Minority)
308,1,0.004,99.78,Minority Recommendation: Do pass with amendments and be printed A-Engrossed.
309,1,0.004,99.79,Recommendation: Do pass with amendments to the A-Eng. (Printed {ENG}-Eng.)
310,1,0.004,99.79,"Motion to postpone to June {N}, {N} Calendar carried. Ayes, {N}; Nays, {N}--Boice, Boshart Davis, Breese-Iverson, Cate, Diehl, Drazan, Edwards, Elmer, Harbick, Helfrich, Javadi, Lewis, Mannix, McIntire, Osborne, Owens, Scharf, Skarlatos, Wright, Yunker; Excused, {N}--Andersen, Gamba, Levy B, Nguyen D, Nguyen H, Sanchez, Wallan."
311,1,0.004,99.79,Motion to withdraw from Education failed.
312,1,0.004,99.8,"Vote explanation(s) filed by Grayber, Levy E, Munoz, Nelson."
313,1,0.004,99.8,"Recommendation: Do pass with amendments, be printed B-Engrossed, and subsequent referral to Ways and Means be rescinded."
314,1,0.004,99.8,"Motion to lay bill, together with Governor's message, on the table carried by Voice Vote."
315,1,0.004,99.81,Senate refused to concur in House amendments.
316,1,0.004,99.81,Motion to rerefer to Committee on Rules carried by voice vote.
317,1,0.004,99.81,"Senators Bonham, Patterson, Taylor appointed Senate conferees."
318,1,0.004,99.82,"Representatives Elmer, Fragala, Grayber appointed House conferees."
319,1,0.004,99.82,Conference Committee Report distributed in Senate.
320,1,0.004,99.83,"Vote explanation(s) filed by Chaichi, Nguyen D."
321,1,0.004,99.83,Conference Committee Recommendation: The Senate concur in House amendments dated {N}-{N} and B-Engrossed bill be further amended and repassed.
322,1,0.004,99.83,Conference Committee Report distributed in House.
323,1,0.004,99.84,"Representatives Owens, Munoz, Nosse appointed House conferees."
324,1,0.004,99.84,"Senators Girod, Manning Jr, Reynolds appointed Senate conferees."
325,1,0.004,99.84,"Without recommendation as to passage, with amendments, be printed A-Engrossed, and be referred to Ways and Means by prior reference."
326,1,0.004,99.85,Recommendation: Do pass with amendments and subsequent referral to Tax Expenditures be rescinded. (Printed {ENG}-Eng.)
327,1,0.004,99.85,"Representatives Kropf, Evans, Mannix appointed House conferees."
328,1,0.004,99.85,"Senators Broadman, McLane, Prozanski appointed Senate conferees."
329,1,0.004,99.86,Vote explanation(s) filed by Rieke Smith.
330,1,0.004,99.86,Hayden granted unanimous consent to change vote from aye to nay.
331,1,0.004,99.87,Gelser Blouin declared potential conflict of interest.
332,1,0.004,99.87,Vote explanation(s) filed by Lewis.
333,1,0.004,99.87,"Recommendation: Do pass with amendments, be printed C-Engrossed, and be referred to Ways and Means."
334,1,0.004,99.88,Conference Committee Recommendation: The Senate recede from Senate amendments dated {N}-{N} and bill be repassed.
335,1,0.004,99.88,"Taken from {N}-{N} Calendar and placed on {N}-{N} Calendar. Ayes, {N}; Nays, {N}--Anderson, Bonham, Hayden, Linthicum, McLane, Nash, Robinson, Smith DB, Starr, Thatcher, Weber; Excused, {N}--Gorsek."
336,1,0.004,99.88,"Potential conflict(s) of interest declared by Elmer, Nguyen D."
337,1,0.004,99.89,Potential conflict(s) of interest declared by Edwards.
338,1,0.004,99.89,Hayden declared potential conflict of interest by unanimous consent.
339,1,0.004,99.89,"Vote explanation(s) filed by Reynolds, Sollman."
340,1,0.004,99.9,Vote explanation(s) filed by Mannix.
341,1,0.004,99.9,Motion to rerefer to Transportation Reinvestment carried. Rereferred.
342,1,0.004,99.91,"Bonham, excused, granted unanimous consent to vote aye."
343,1,0.004,99.91,"Gelser Blouin, granted unanimous consent to change vote to nay."
344,1,0.004,99.91,Rules suspended. Third reading.
345,1,0.004,99.92,Motion to withdraw from Rules carried.
346,1,0.004,99.92,Vote explanation(s) filed by Hartman.
347,1,0.004,99.92,"Jama, changed from aye to nay and served notice of possible reconsideration."
348,1,0.004,99.93,Jama moved for immediate reconsideration. Motion to reconsider carried.
349,1,0.004,99.93,Motion to rerefer to Committee on Rules carried.
350,1,0.004,99.93,Rules suspended. Final reading. Carried by {NAME}. Adopted.
351,1,0.004,99.94,"Rules suspended. Third reading. Taken from {N}-{N} Calendar and placed on {N}-{N} Calendar. Ayes, {N}; Excused, {N}--Thatcher."
352,1,0.004,99.94,"Motion to repass bill notwithstanding Governor's veto carried in accordance with Art. V, sec. {N}b, Oregon Constitution. Bill repassed."
353,1,0.004,99.95,Rules suspended. Third reading. Carried by {NAME}. Taken from {N}-{N} Calendar and placed on {N}-{N} Calendar by voice vote.
354,1,0.004,99.95,Motion to rerefer to Judiciary carried. Rereferred.
355,1,0.004,99.95,Motion to table carried.
356,1,0.004,99.96,Nash declared potential conflict of interest.
357,1,0.004,99.96,Rules suspended. Third reading. Carried by {NAME}.
358,1,0.004,99.96,Potential conflict(s) of interest declared by Gomberg.
359,1,0.004,99.97,"Potential conflict(s) of interest declared by Pham H, Tran."
360,1,0.004,99.97,Vote explanation(s) filed by Gelser Blouin.
361,1,0.004,99.97,Rules suspended. Read as Special Order of Business. Carried by {NAME}. Adopted.
362,1,0.004,99.98,Rules suspended. House concurred in Senate amendments and repassed bill.
363,1,0.004,99.98,First reading.
364,1,0.004,99.99,"Effective date, October {N}, {N}."
365,1,0.004,99.99,"Chapter {N}, ({N} Laws): Effective date August {N}, {N}."
366,1,0.004,99.99,Vote explanation(s) filed by Boshart Davis.
367,1,0.004,100.0,Carried Over to May {N} by implied consent.
368,1,0.004,100.0,"Senator Broadman discharged as Senate conferee, Senator Manning appointed as Senate conferee."
